cve_id,product_category,severity,cvss_score,published_date,patch_available,exploitation_status_demo,asset_criticality,exposure,priority_score,description
CVE-2099-1000,Operating System,HIGH,7.6,2026-08-31,1,NONE_KNOWN,20,internal,44,SYNTHETIC / DEMO ONLY vulnerability record for awareness training.
CVE-2099-1001,Database,MEDIUM,5.5,2026-03-09,0,NONE_KNOWN,20,isolated,27,SYNTHETIC / DEMO ONLY vulnerability record for awareness training.
CVE-2099-1002,Database,HIGH,7.3,2026-01-17,1,NONE_KNOWN,100,internal,63,SYNTHETIC / DEMO ONLY vulnerability record for awareness training.
CVE-2099-1003,VPN Appliance,MEDIUM,5.3,2026-05-29,0,NONE_KNOWN,20,isolated,26,SYNTHETIC / DEMO ONLY vulnerability record for awareness training.
CVE-2099-1004,Operating System,LOW,4.0,2026-09-27,1,NONE_KNOWN,80,internet,59,SYNTHETIC / DEMO ONLY vulnerability record for awareness training.
CVE-2099-1005,Web Browser,MEDIUM,4.9,2026-04-13,1,EXPLOITED_DEMO,100,isolated,60,SYNTHETIC / DEMO ONLY vulnerability record for awareness training.
CVE-2099-1006,Operating System,MEDIUM,4.7,2026-04-09,1,EXPLOITED_DEMO,100,isolated,59,SYNTHETIC / DEMO ONLY vulnerability record for awareness training.
CVE-2099-1007,Database,HIGH,6.2,2025-12-15,1,EXPLOITED_DEMO,20,internal,54,SYNTHETIC / DEMO ONLY vulnerability record for awareness training.
CVE-2099-1008,Web Browser,LOW,3.1,2026-05-30,1,NONE_KNOWN,80,internet,56,SYNTHETIC / DEMO ONLY vulnerability record for awareness training.
CVE-2099-1009,Firmware,MEDIUM,4.6,2026-05-03,1,NONE_KNOWN,50,isolated,31,SYNTHETIC / DEMO ONLY vulnerability record for awareness training.
CVE-2099-1010,Operating System,MEDIUM,4.3,2026-07-20,0,NONE_KNOWN,50,internet,53,SYNTHETIC / DEMO ONLY vulnerability record for awareness training.
CVE-2099-1011,CMS Plugin,MEDIUM,5.7,2026-07-20,0,EXPLOITED_DEMO,20,internal,52,SYNTHETIC / DEMO ONLY vulnerability record for awareness training.
CVE-2099-1012,Web Browser,MEDIUM,6.0,2026-02-15,1,NONE_KNOWN,50,isolated,36,SYNTHETIC / DEMO ONLY vulnerability record for awareness training.
CVE-2099-1013,CMS Plugin,LOW,3.7,2026-07-24,1,NONE_KNOWN,80,internet,58,SYNTHETIC / DEMO ONLY vulnerability record for awareness training.
CVE-2099-1014,CMS Plugin,MEDIUM,5.1,2026-07-01,1,NONE_KNOWN,100,internal,55,SYNTHETIC / DEMO ONLY vulnerability record for awareness training.
CVE-2099-1015,Database,MEDIUM,5.5,2026-03-18,0,EXPLOITED_DEMO,50,isolated,49,SYNTHETIC / DEMO ONLY vulnerability record for awareness training.
CVE-2099-1016,VPN Appliance,MEDIUM,4.5,2026-04-01,1,NONE_KNOWN,20,internal,33,SYNTHETIC / DEMO ONLY vulnerability record for awareness training.
CVE-2099-1017,Operating System,CRITICAL,9.8,2026-09-06,1,NONE_KNOWN,20,internet,64,SYNTHETIC / DEMO ONLY vulnerability record for awareness training.
CVE-2099-1018,Web Browser,HIGH,6.7,2026-02-27,1,EXPLOITED_DEMO,80,internet,83,SYNTHETIC / DEMO ONLY vulnerability record for awareness training.
CVE-2099-1019,Firmware,HIGH,7.7,2026-05-28,1,NONE_KNOWN,20,internet,57,SYNTHETIC / DEMO ONLY vulnerability record for awareness training.
CVE-2099-1020,Web Browser,MEDIUM,5.6,2026-08-29,1,NONE_KNOWN,50,internal,45,SYNTHETIC / DEMO ONLY vulnerability record for awareness training.
CVE-2099-1021,Firmware,LOW,3.4,2026-04-08,1,NONE_KNOWN,20,internet,42,SYNTHETIC / DEMO ONLY vulnerability record for awareness training.
CVE-2099-1022,Database,LOW,3.7,2026-05-09,0,NONE_KNOWN,50,internet,50,SYNTHETIC / DEMO ONLY vulnerability record for awareness training.
CVE-2099-1023,Mail Server,HIGH,6.4,2026-09-28,0,NONE_KNOWN,80,internal,55,SYNTHETIC / DEMO ONLY vulnerability record for awareness training.
CVE-2099-1024,CMS Plugin,HIGH,6.1,2026-04-06,0,EXPLOITED_DEMO,50,internet,74,SYNTHETIC / DEMO ONLY vulnerability record for awareness training.
CVE-2099-1025,Web Browser,CRITICAL,8.6,2026-03-16,0,NONE_KNOWN,50,internet,68,SYNTHETIC / DEMO ONLY vulnerability record for awareness training.
CVE-2099-1026,Mail Server,HIGH,7.4,2026-04-13,1,NONE_KNOWN,100,isolated,53,SYNTHETIC / DEMO ONLY vulnerability record for awareness training.
CVE-2099-1027,CMS Plugin,MEDIUM,5.0,2026-07-31,0,NONE_KNOWN,80,internet,62,SYNTHETIC / DEMO ONLY vulnerability record for awareness training.
CVE-2099-1028,Firmware,MEDIUM,5.1,2026-08-07,1,NONE_KNOWN,80,internet,63,SYNTHETIC / DEMO ONLY vulnerability record for awareness training.
CVE-2099-1029,Firmware,HIGH,7.7,2026-02-22,1,NONE_KNOWN,100,internal,64,SYNTHETIC / DEMO ONLY vulnerability record for awareness training.
CVE-2099-1030,CMS Plugin,LOW,3.4,2026-02-27,1,NONE_KNOWN,50,isolated,27,SYNTHETIC / DEMO ONLY vulnerability record for awareness training.
CVE-2099-1031,Firmware,LOW,3.9,2026-04-18,1,EXPLOITED_DEMO,50,isolated,44,SYNTHETIC / DEMO ONLY vulnerability record for awareness training.
CVE-2099-1032,Firmware,HIGH,6.8,2026-08-30,1,EXPLOITED_DEMO,100,isolated,66,SYNTHETIC / DEMO ONLY vulnerability record for awareness training.
CVE-2099-1033,Database,LOW,3.9,2025-12-23,0,EXPLOITED_DEMO,20,isolated,36,SYNTHETIC / DEMO ONLY vulnerability record for awareness training.
CVE-2099-1034,Database,CRITICAL,9.5,2026-02-23,1,NONE_KNOWN,20,internal,51,SYNTHETIC / DEMO ONLY vulnerability record for awareness training.
CVE-2099-1035,Database,MEDIUM,5.3,2026-07-28,0,EXPLOITED_DEMO,50,internet,71,SYNTHETIC / DEMO ONLY vulnerability record for awareness training.
CVE-2099-1036,Database,MEDIUM,5.5,2026-01-08,0,NONE_KNOWN,50,internet,57,SYNTHETIC / DEMO ONLY vulnerability record for awareness training.
CVE-2099-1037,Database,MEDIUM,5.0,2026-08-18,1,NONE_KNOWN,80,internal,50,SYNTHETIC / DEMO ONLY vulnerability record for awareness training.
CVE-2099-1038,Web Browser,MEDIUM,5.0,2026-09-09,1,NONE_KNOWN,50,isolated,32,SYNTHETIC / DEMO ONLY vulnerability record for awareness training.
CVE-2099-1039,CMS Plugin,CRITICAL,9.6,2026-05-27,0,NONE_KNOWN,50,internal,59,SYNTHETIC / DEMO ONLY vulnerability record for awareness training.
CVE-2099-1040,Web Browser,CRITICAL,8.3,2026-06-15,1,NONE_KNOWN,50,internet,67,SYNTHETIC / DEMO ONLY vulnerability record for awareness training.
CVE-2099-1041,Operating System,MEDIUM,4.8,2026-03-19,1,NONE_KNOWN,80,isolated,39,SYNTHETIC / DEMO ONLY vulnerability record for awareness training.
CVE-2099-1042,Operating System,HIGH,7.3,2026-05-20,1,NONE_KNOWN,50,internal,51,SYNTHETIC / DEMO ONLY vulnerability record for awareness training.
CVE-2099-1043,Mail Server,HIGH,6.4,2025-12-12,1,NONE_KNOWN,50,isolated,37,SYNTHETIC / DEMO ONLY vulnerability record for awareness training.
CVE-2099-1044,VPN Appliance,CRITICAL,9.2,2026-09-08,1,NONE_KNOWN,80,internet,77,SYNTHETIC / DEMO ONLY vulnerability record for awareness training.
CVE-2099-1045,CMS Plugin,LOW,3.7,2026-03-15,1,NONE_KNOWN,80,isolated,35,SYNTHETIC / DEMO ONLY vulnerability record for awareness training.
CVE-2099-1046,Database,MEDIUM,4.1,2026-02-14,1,NONE_KNOWN,100,internal,52,SYNTHETIC / DEMO ONLY vulnerability record for awareness training.
CVE-2099-1047,Database,CRITICAL,9.1,2026-06-28,1,NONE_KNOWN,80,internet,77,SYNTHETIC / DEMO ONLY vulnerability record for awareness training.
CVE-2099-1048,VPN Appliance,MEDIUM,5.2,2026-01-22,1,NONE_KNOWN,80,internet,63,SYNTHETIC / DEMO ONLY vulnerability record for awareness training.
CVE-2099-1049,Database,HIGH,7.7,2026-05-19,0,NONE_KNOWN,80,internal,59,SYNTHETIC / DEMO ONLY vulnerability record for awareness training.
CVE-2099-1050,VPN Appliance,HIGH,6.1,2026-05-10,0,NONE_KNOWN,80,isolated,44,SYNTHETIC / DEMO ONLY vulnerability record for awareness training.
CVE-2099-1051,Database,MEDIUM,5.0,2026-07-21,1,EXPLOITED_DEMO,80,internet,78,SYNTHETIC / DEMO ONLY vulnerability record for awareness training.
CVE-2099-1052,Operating System,LOW,3.0,2026-02-27,1,EXPLOITED_DEMO,100,isolated,53,SYNTHETIC / DEMO ONLY vulnerability record for awareness training.
CVE-2099-1053,Firmware,MEDIUM,5.7,2026-09-02,1,EXPLOITED_DEMO,80,internet,80,SYNTHETIC / DEMO ONLY vulnerability record for awareness training.
CVE-2099-1054,VPN Appliance,CRITICAL,8.4,2026-06-03,0,NONE_KNOWN,100,internal,67,SYNTHETIC / DEMO ONLY vulnerability record for awareness training.
CVE-2099-1055,CMS Plugin,MEDIUM,5.2,2026-06-11,1,NONE_KNOWN,20,isolated,26,SYNTHETIC / DEMO ONLY vulnerability record for awareness training.
CVE-2099-1056,Operating System,HIGH,7.8,2026-08-04,1,EXPLOITED_DEMO,80,internet,87,SYNTHETIC / DEMO ONLY vulnerability record for awareness training.
CVE-2099-1057,CMS Plugin,HIGH,6.1,2026-06-21,1,EXPLOITED_DEMO,80,internet,81,SYNTHETIC / DEMO ONLY vulnerability record for awareness training.
CVE-2099-1058,Firmware,CRITICAL,9.3,2026-09-26,1,NONE_KNOWN,100,isolated,60,SYNTHETIC / DEMO ONLY vulnerability record for awareness training.
CVE-2099-1059,CMS Plugin,CRITICAL,9.4,2026-07-21,1,NONE_KNOWN,100,isolated,60,SYNTHETIC / DEMO ONLY vulnerability record for awareness training.
